BEGIN TRANSACTION;
CREATE TABLE IF NOT EXISTS "Informazioa" (
	"ActivityID"	INTEGER,
	"Moving"	INTEGER,
	PRIMARY KEY("ActivityID")
);
CREATE TABLE IF NOT EXISTS "Iruzkina" (
	"id"	INTEGER NOT NULL,
	"testua"	TEXT,
	PRIMARY KEY("id")
);
CREATE TABLE IF NOT EXISTS "Ekipamendua" (
	"materiala"	TEXT NOT NULL,
	PRIMARY KEY("materiala")
);
CREATE TABLE IF NOT EXISTS "Erabiltzailea" (
	"erabID"	INTEGER,
	"izena"	TEXT,
	"abizena"	TEXT,
	"ekipamenduMat"	TEXT,
	PRIMARY KEY("erabID"),
	FOREIGN KEY("ekipamenduMat") REFERENCES "Ekipamendua"("materiala")
);
CREATE TABLE IF NOT EXISTS "Buelta" (
	"km"	INTEGER,
	"denbora"	INTEGER,
	"pultsazioak"	INTEGER,
	"abiadura"	INTEGER,
	"entreData"	TEXT,
	"entreOrdua"	TEXT,
	FOREIGN KEY("entreData") REFERENCES "Entrenamendua"("data"),
	FOREIGN KEY("entreOrdua") REFERENCES "Entrenamendua"("ordua"),
	PRIMARY KEY("km","entreData","entreOrdua")
);
CREATE TABLE IF NOT EXISTS "Medizioak" (
	"posizioa"	TEXT,
	"abiadura"	REAL,
	"pultsazioak"	REAL,
	"entreOrdua"	TEXT,
	"entreData"	TEXT,
	"idEntrenamendua"	INTEGER,
	FOREIGN KEY("entreData") REFERENCES "Entrenamendua"("data"),
	FOREIGN KEY("entreOrdua") REFERENCES "Entrenamendua"("ordua"),
	FOREIGN KEY("idEntrenamendua") REFERENCES "Entrenamendua"("ID")
);
CREATE TABLE IF NOT EXISTS "Segmentua" (
	"izena"	TEXT NOT NULL,
	"denbora"	TEXT NOT NULL,
	"idEntrenamendua"	INTEGER,
	"distantzia"	REAL,
	FOREIGN KEY("idEntrenamendua") REFERENCES "Entrenamendua"("ID"),
	PRIMARY KEY("izena","denbora")
);
CREATE TABLE IF NOT EXISTS "Kudos" (
	"ErabID"	INTEGER NOT NULL,
	"EntrenaID"	INTEGER NOT NULL,
	FOREIGN KEY("EntrenaID") REFERENCES "Entrenamendua"("ID"),
	FOREIGN KEY("ErabID") REFERENCES "Erabiltzailea"("erabID"),
	PRIMARY KEY("ErabID","EntrenaID")
);
CREATE TABLE IF NOT EXISTS "Entrenamendua" (
	"ID"	INTEGER,
	"mota"	TEXT,
	"data"	TEXT,
	"km"	REAL,
	"denbora"	TEXT,
	"ordua"	TEXT,
	"entrErabId"	INTEGER,
	"erabilitakoMateriala"	TEXT,
	FOREIGN KEY("entrErabId") REFERENCES "Erabiltzailea"("erabID"),
	FOREIGN KEY("erabilitakoMateriala") REFERENCES "Ekipamendua"("materiala"),
	PRIMARY KEY("ID")
);
INSERT INTO "Ekipamendua" VALUES ('Nike Air Zoom Pegasus 37');
INSERT INTO "Erabiltzailea" VALUES (61350307,'Mikel','De Velasco','Nike Air Zoom Pegasus 37');
INSERT INTO "Medizioak" VALUES ('43.33888457156718 -3.0143082328140736',3.271,145.1,'08:51:33','2021-12-11',6369394179);
INSERT INTO "Medizioak" VALUES ('43.349099764600396 -2.998366104438901',3.861,146.2,'17:15:10','2021-12-09',6363426617);
INSERT INTO "Medizioak" VALUES ('',0.0,105.5,'16:49:15','2021-12-09',6363265682);
INSERT INTO "Medizioak" VALUES ('43.33888457156718 -3.0143082328140736',3.271,145.1,'08:51:33','2021-12-11',6369394179);
INSERT INTO "Medizioak" VALUES ('43.349099764600396 -2.998366104438901',3.861,146.2,'17:15:10','2021-12-09',6363426617);
INSERT INTO "Medizioak" VALUES ('',0.0,105.5,'16:49:15','2021-12-09',6363265682);
INSERT INTO "Medizioak" VALUES ('43.33888457156718 -3.0143082328140736',3.271,145.1,'08:51:33','2021-12-11',6369394179);
INSERT INTO "Medizioak" VALUES ('43.349099764600396 -2.998366104438901',3.861,146.2,'17:15:10','2021-12-09',6363426617);
INSERT INTO "Medizioak" VALUES ('',0.0,105.5,'16:49:15','2021-12-09',6363265682);
INSERT INTO "Medizioak" VALUES ('43.33888457156718 -3.0143082328140736',3.271,145.1,'08:51:33','2021-12-11',6369394179);
INSERT INTO "Medizioak" VALUES ('43.349099764600396 -2.998366104438901',3.861,146.2,'17:15:10','2021-12-09',6363426617);
INSERT INTO "Medizioak" VALUES ('',0.0,105.5,'16:49:15','2021-12-09',6363265682);
INSERT INTO "Medizioak" VALUES ('43.33888457156718 -3.0143082328140736',3.271,145.1,'08:51:33','2021-12-11',6369394179);
INSERT INTO "Medizioak" VALUES ('43.349099764600396 -2.998366104438901',3.861,146.2,'17:15:10','2021-12-09',6363426617);
INSERT INTO "Medizioak" VALUES ('',0.0,105.5,'16:49:15','2021-12-09',6363265682);
INSERT INTO "Medizioak" VALUES ('43.33888457156718 -3.0143082328140736',3.271,145.1,'08:51:33','2021-12-11',6369394179);
INSERT INTO "Medizioak" VALUES ('43.349099764600396 -2.998366104438901',3.861,146.2,'17:15:10','2021-12-09',6363426617);
INSERT INTO "Medizioak" VALUES ('',0.0,105.5,'16:49:15','2021-12-09',6363265682);
INSERT INTO "Medizioak" VALUES ('43.33888457156718 -3.0143082328140736',3.271,145.1,'08:51:33','2021-12-11',6369394179);
INSERT INTO "Medizioak" VALUES ('43.349099764600396 -2.998366104438901',3.861,146.2,'17:15:10','2021-12-09',6363426617);
INSERT INTO "Medizioak" VALUES ('',0.0,105.5,'16:49:15','2021-12-09',6363265682);
INSERT INTO "Medizioak" VALUES ('43.33888457156718 -3.0143082328140736',3.271,145.1,'08:51:33','2021-12-11',6369394179);
INSERT INTO "Medizioak" VALUES ('43.349099764600396 -2.998366104438901',3.861,146.2,'17:15:10','2021-12-09',6363426617);
INSERT INTO "Medizioak" VALUES ('',0.0,105.5,'16:49:15','2021-12-09',6363265682);
INSERT INTO "Medizioak" VALUES ('43.33888457156718 -3.0143082328140736',3.271,145.1,'08:51:33','2021-12-11',6369394179);
INSERT INTO "Medizioak" VALUES ('43.33888457156718 -3.0143082328140736',3.271,145.1,'08:51:33','2021-12-11',6369394179);
INSERT INTO "Medizioak" VALUES ('43.349099764600396 -2.998366104438901',3.861,146.2,'17:15:10','2021-12-09',6363426617);
INSERT INTO "Medizioak" VALUES ('',0.0,105.5,'16:49:15','2021-12-09',6363265682);
INSERT INTO "Medizioak" VALUES ('43.33888457156718 -3.0143082328140736',3.271,145.1,'08:51:33','2021-12-11',6369394179);
INSERT INTO "Medizioak" VALUES ('43.33888457156718 -3.0143082328140736',3.271,145.1,'08:51:33','2021-12-11',6369394179);
INSERT INTO "Medizioak" VALUES ('43.349099764600396 -2.998366104438901',3.861,146.2,'17:15:10','2021-12-09',6363426617);
INSERT INTO "Medizioak" VALUES ('',0.0,105.5,'16:49:15','2021-12-09',6363265682);
INSERT INTO "Medizioak" VALUES ('43.33888457156718 -3.0143082328140736',3.271,145.1,'08:51:33','2021-12-11',6369394179);
INSERT INTO "Medizioak" VALUES ('43.349099764600396 -2.998366104438901',3.861,146.2,'17:15:10','2021-12-09',6363426617);
INSERT INTO "Medizioak" VALUES ('',0.0,105.5,'16:49:15','2021-12-09',6363265682);
INSERT INTO "Medizioak" VALUES ('43.33888457156718 -3.0143082328140736',3.271,145.1,'08:51:33','2021-12-11',6369394179);
INSERT INTO "Medizioak" VALUES ('43.349099764600396 -2.998366104438901',3.861,146.2,'17:15:10','2021-12-09',6363426617);
INSERT INTO "Medizioak" VALUES ('',0.0,105.5,'16:49:15','2021-12-09',6363265682);
INSERT INTO "Medizioak" VALUES ('43.33888457156718 -3.0143082328140736',3.271,145.1,'08:51:33','2021-12-11',6369394179);
INSERT INTO "Medizioak" VALUES ('43.349099764600396 -2.998366104438901',3.861,146.2,'17:15:10','2021-12-09',6363426617);
INSERT INTO "Medizioak" VALUES ('',0.0,105.5,'16:49:15','2021-12-09',6363265682);
INSERT INTO "Medizioak" VALUES ('43.33888457156718 -3.0143082328140736',3.271,145.1,'08:51:33','2021-12-11',6369394179);
INSERT INTO "Medizioak" VALUES ('43.349099764600396 -2.998366104438901',3.861,146.2,'17:15:10','2021-12-09',6363426617);
INSERT INTO "Medizioak" VALUES ('43.33888457156718 -3.0143082328140736',3.271,145.1,'08:51:33','2021-12-11',6369394179);
INSERT INTO "Medizioak" VALUES ('43.349099764600396 -2.998366104438901',3.861,146.2,'17:15:10','2021-12-09',6363426617);
INSERT INTO "Medizioak" VALUES ('43.33888457156718 -3.0143082328140736',3.271,145.1,'08:51:33','2021-12-11',6369394179);
INSERT INTO "Medizioak" VALUES ('43.349099764600396 -2.998366104438901',3.861,146.2,'17:15:10','2021-12-09',6363426617);
INSERT INTO "Medizioak" VALUES ('',0.0,105.5,'16:49:15','2021-12-09',6363265682);
INSERT INTO "Medizioak" VALUES ('43.33888457156718 -3.0143082328140736',3.271,145.1,'08:51:33','2021-12-11',6369394179);
INSERT INTO "Medizioak" VALUES ('43.349099764600396 -2.998366104438901',3.861,146.2,'17:15:10','2021-12-09',6363426617);
INSERT INTO "Medizioak" VALUES ('',0.0,105.5,'16:49:15','2021-12-09',6363265682);
INSERT INTO "Medizioak" VALUES ('43.33888457156718 -3.0143082328140736',3.271,145.1,'08:51:33','2021-12-11',6369394179);
INSERT INTO "Medizioak" VALUES ('43.349099764600396 -2.998366104438901',3.861,146.2,'17:15:10','2021-12-09',6363426617);
INSERT INTO "Medizioak" VALUES ('',0.0,105.5,'16:49:15','2021-12-09',6363265682);
INSERT INTO "Medizioak" VALUES ('43.33888457156718 -3.0143082328140736',3.271,145.1,'08:51:33','2021-12-11',6369394179);
INSERT INTO "Medizioak" VALUES ('43.349099764600396 -2.998366104438901',3.861,146.2,'17:15:10','2021-12-09',6363426617);
INSERT INTO "Medizioak" VALUES ('',0.0,105.5,'16:49:15','2021-12-09',6363265682);
INSERT INTO "Medizioak" VALUES ('43.33888457156718 -3.0143082328140736',3.271,145.1,'08:51:33','2021-12-11',6369394179);
INSERT INTO "Medizioak" VALUES ('43.349099764600396 -2.998366104438901',3.861,146.2,'17:15:10','2021-12-09',6363426617);
INSERT INTO "Medizioak" VALUES ('',0.0,105.5,'16:49:15','2021-12-09',6363265682);
INSERT INTO "Medizioak" VALUES ('43.33888457156718 -3.0143082328140736',3.271,145.1,'08:51:33','2021-12-11',6369394179);
INSERT INTO "Medizioak" VALUES ('43.349099764600396 -2.998366104438901',3.861,146.2,'17:15:10','2021-12-09',6363426617);
INSERT INTO "Medizioak" VALUES ('',0.0,105.5,'16:49:15','2021-12-09',6363265682);
INSERT INTO "Medizioak" VALUES ('43.33888457156718 -3.0143082328140736',3.271,145.1,'08:51:33','2021-12-11',6369394179);
INSERT INTO "Medizioak" VALUES ('43.349099764600396 -2.998366104438901',3.861,146.2,'17:15:10','2021-12-09',6363426617);
INSERT INTO "Medizioak" VALUES ('',0.0,105.5,'16:49:15','2021-12-09',6363265682);
INSERT INTO "Medizioak" VALUES ('43.33888457156718 -3.0143082328140736',3.271,145.1,'08:51:33','2021-12-11',6369394179);
INSERT INTO "Medizioak" VALUES ('43.33888457156718 -3.0143082328140736',3.271,145.1,'08:51:33','2021-12-11',6369394179);
INSERT INTO "Medizioak" VALUES ('43.33888457156718 -3.0143082328140736',3.271,145.1,'08:51:33','2021-12-11',6369394179);
INSERT INTO "Medizioak" VALUES ('43.33888457156718 -3.0143082328140736',3.271,145.1,'08:51:33','2021-12-11',6369394179);
INSERT INTO "Medizioak" VALUES ('43.33888457156718 -3.0143082328140736',3.271,145.1,'08:51:33','2021-12-11',6369394179);
INSERT INTO "Medizioak" VALUES ('43.349099764600396 -2.998366104438901',3.861,146.2,'17:15:10','2021-12-09',6363426617);
INSERT INTO "Medizioak" VALUES ('',0.0,105.5,'16:49:15','2021-12-09',6363265682);
INSERT INTO "Medizioak" VALUES ('43.33888457156718 -3.0143082328140736',3.271,145.1,'08:51:33','2021-12-11',6369394179);
INSERT INTO "Medizioak" VALUES ('43.349099764600396 -2.998366104438901',3.861,146.2,'17:15:10','2021-12-09',6363426617);
INSERT INTO "Medizioak" VALUES ('',0.0,105.5,'16:49:15','2021-12-09',6363265682);
INSERT INTO "Medizioak" VALUES ('43.33888457156718 -3.0143082328140736',3.271,145.1,'08:51:33','2021-12-11',6369394179);
INSERT INTO "Medizioak" VALUES ('43.349099764600396 -2.998366104438901',3.861,146.2,'17:15:10','2021-12-09',6363426617);
INSERT INTO "Medizioak" VALUES ('',0.0,105.5,'16:49:15','2021-12-09',6363265682);
INSERT INTO "Medizioak" VALUES ('43.33888457156718 -3.0143082328140736',3.271,145.1,'08:51:33','2021-12-11',6369394179);
INSERT INTO "Medizioak" VALUES ('43.349099764600396 -2.998366104438901',3.861,146.2,'17:15:10','2021-12-09',6363426617);
INSERT INTO "Medizioak" VALUES ('',0.0,105.5,'16:49:15','2021-12-09',6363265682);
INSERT INTO "Medizioak" VALUES ('43.33888457156718 -3.0143082328140736',3.271,145.1,'08:51:33','2021-12-11',6369394179);
INSERT INTO "Medizioak" VALUES ('43.349099764600396 -2.998366104438901',3.861,146.2,'17:15:10','2021-12-09',6363426617);
INSERT INTO "Medizioak" VALUES ('',0.0,105.5,'16:49:15','2021-12-09',6363265682);
INSERT INTO "Medizioak" VALUES ('43.33888457156718 -3.0143082328140736',3.271,145.1,'08:51:33','2021-12-11',6369394179);
INSERT INTO "Medizioak" VALUES ('43.349099764600396 -2.998366104438901',3.861,146.2,'17:15:10','2021-12-09',6363426617);
INSERT INTO "Medizioak" VALUES ('',0.0,105.5,'16:49:15','2021-12-09',6363265682);
INSERT INTO "Segmentua" VALUES ('Subida Berango','0:03:11',6363426617,0.6904);
INSERT INTO "Segmentua" VALUES ('Cuestas fadura','0:00:39',6363192143,0.1615);
INSERT INTO "Segmentua" VALUES ('remando por olabeaga','0:15:40',6341360786,2.9963);
INSERT INTO "Segmentua" VALUES ('Bidegorri Fadura - Sopelana','0:17:45',6334830261,3.9631);
INSERT INTO "Segmentua" VALUES ('Cuestas fadura','0:00:42',6334652613,0.1615);
INSERT INTO "Segmentua" VALUES ('Bidegorri Fadura - Sopelana','0:18:35',6326505129,3.9631);
INSERT INTO "Segmentua" VALUES ('500m','0:01:51',6316624921,0.4608);
INSERT INTO "Segmentua" VALUES ('400 m fadura desde meta','0:02:00',6297516219,0.4218);
INSERT INTO "Segmentua" VALUES ('Cuestas fadura','0:00:38',6297371188,0.1615);
INSERT INTO "Segmentua" VALUES ('Subida Berango','0:03:04',6292982548,0.6904);
INSERT INTO "Segmentua" VALUES ('Subida Berango','0:03:16',6275470855,0.6904);
INSERT INTO "Segmentua" VALUES ('Bidegorri Sopela desde Rotonda','0:10:15',6266294719,2.25179);
INSERT INTO "Segmentua" VALUES ('Subida Berango','0:02:55',6261842805,0.6904);
INSERT INTO "Segmentua" VALUES ('stroomversnelling op de Ardèche','0:02:17',6251885862,0.2983);
INSERT INTO "Entrenamendua" VALUES (1,'Kayaking','2021-12-11',16.861,'1:25:54','08:51:33',61350307,NULL);
INSERT INTO "Entrenamendua" VALUES (6251885862,'Kayaking','2021-11-13',4.643,'0:28:20','09:44:58',61350307,NULL);
INSERT INTO "Entrenamendua" VALUES (6261842805,'Run','2021-11-15',10.515,'0:47:03','16:12:35',61350307,NULL);
INSERT INTO "Entrenamendua" VALUES (6262351259,'Ride','2021-11-15',0.0,'0:44:33','18:07:27',61350307,NULL);
INSERT INTO "Entrenamendua" VALUES (6266294719,'Run','2021-11-16',6.74,'0:28:22','16:33:13',61350307,NULL);
INSERT INTO "Entrenamendua" VALUES (6266537386,'Ride','2021-11-16',0.0,'0:15:42','17:34:36',61350307,NULL);
INSERT INTO "Entrenamendua" VALUES (6275470855,'Run','2021-11-18',15.082,'1:08:12','16:05:12',61350307,NULL);
INSERT INTO "Entrenamendua" VALUES (6275624273,'Ride','2021-11-18',0.0,'0:30:01','17:18:10',61350307,NULL);
INSERT INTO "Entrenamendua" VALUES (6279743761,'Kayaking','2021-11-19',14.23,'1:15:21','16:19:25',61350307,NULL);
INSERT INTO "Entrenamendua" VALUES (6282459523,'Kayaking','2021-11-20',6.563,'0:43:18','09:23:57',61350307,NULL);
INSERT INTO "Entrenamendua" VALUES (6282459628,'Kayaking','2021-11-20',6.444,'0:36:31','10:11:14',61350307,NULL);
INSERT INTO "Entrenamendua" VALUES (6287399286,'Kayaking','2021-11-21',19.728,'1:43:50','08:49:04',61350307,NULL);
INSERT INTO "Entrenamendua" VALUES (6292982548,'Run','2021-11-22',9.061,'0:41:52','16:20:46',61350307,NULL);
INSERT INTO "Entrenamendua" VALUES (6293067088,'Rowing','2021-11-22',0.243,'0:10:05','17:10:26',61350307,NULL);
INSERT INTO "Entrenamendua" VALUES (6293476797,'Ride','2021-11-22',0.0,'0:29:57','18:28:41',61350307,NULL);
INSERT INTO "Entrenamendua" VALUES (6297371188,'Run','2021-11-23',0.994,'0:04:27','16:56:44',61350307,NULL);
INSERT INTO "Entrenamendua" VALUES (6297516219,'Run','2021-11-23',5.996,'0:26:41','17:07:51',61350307,NULL);
INSERT INTO "Entrenamendua" VALUES (6298228693,'Ride','2021-11-23',0.0,'0:30:00','18:43:56',61350307,NULL);
INSERT INTO "Entrenamendua" VALUES (6301997730,'Run','2021-11-24',6.83,'0:28:08','17:10:59',61350307,NULL);
INSERT INTO "Entrenamendua" VALUES (6302313672,'Ride','2021-11-24',0.0,'0:07:22','18:39:16',61350307,NULL);
INSERT INTO "Entrenamendua" VALUES (6316624921,'Run','2021-11-28',21.783,'1:44:10','09:04:46',61350307,NULL);
INSERT INTO "Entrenamendua" VALUES (6326505129,'Run','2021-11-30',7.876,'0:36:04','17:13:49',61350307,NULL);
INSERT INTO "Entrenamendua" VALUES (6334652613,'Run','2021-12-02',0.993,'0:04:12','16:55:41',61350307,NULL);
INSERT INTO "Entrenamendua" VALUES (6334830261,'Run','2021-12-02',7.887,'0:33:55','17:13:00',61350307,NULL);
INSERT INTO "Entrenamendua" VALUES (6341360786,'Kayaking','2021-12-04',13.919,'1:15:38','09:26:55',61350307,NULL);
INSERT INTO "Entrenamendua" VALUES (6349918060,'Kayaking','2021-12-06',12.197,'1:00:54','09:19:47',61350307,NULL);
INSERT INTO "Entrenamendua" VALUES (6357993001,'Kayaking','2021-12-08',13.137,'1:11:53','09:12:16',61350307,NULL);
INSERT INTO "Entrenamendua" VALUES (6363192143,'Run','2021-12-09',1.052,'0:04:35','16:36:11',61350307,NULL);
INSERT INTO "Entrenamendua" VALUES (6363265682,'Rowing','2021-12-09',0.0,'0:08:11','16:49:15',61350307,NULL);
INSERT INTO "Entrenamendua" VALUES (6363426617,'Run','2021-12-09',4.66,'0:20:16','17:15:10',61350307,NULL);
INSERT INTO "Entrenamendua" VALUES (6369394179,'Kayaking','2021-12-11',16.861,'1:25:54','08:51:33',61350307,NULL);
COMMIT;
